kata,frekuensi
life,95.65830252845535
story,89.89763582429521
young,77.6247171019151
new,74.80394552234168
world,73.34159584140117
man,63.94942425745555
love,63.50524526457522
family,56.76147597733156
years,54.103556648759934
help,50.81364466880638
war,47.856750290016436
film,45.7623085730104
way,44.866099601285555
father,41.43635511535139
lives,40.697426559196
finds,40.243284745544315
friends,38.981932136625176
time,38.31087937557668
home,36.772538564359394
son,33.14922402025751
